<?xml version="1.0" encoding="UTF-8"?>
<ruleset name="pcsg-generated-ruleset" 
    xmlns="http://pmd.sf.net/ruleset/1.0.0" 
    xmlns:xsi="http://www.w3.org/2001/XMLSchema-instance" 
    xsi:schemaLocation="http://pmd.sf.net/ruleset/1.0.0 http://pmd.sf.net/ruleset_xml_schema.xsd"
    xsi:noNamespaceSchemaLocation="http://pmd.sf.net/ruleset_xml_schema.xsd">
<description>Created with the PHP Coding Standard Generator. http://edorian.github.com/php-coding-standard-generator/
</description>
<rule ref="rulesets/codesize.xml/CyclomaticComplexity"/>
<rule ref="rulesets/codesize.xml/NPathComplexity"/>
<rule ref="rulesets/codesize.xml/ExcessiveMethodLength"/>
<rule ref="rulesets/codesize.xml/ExcessiveClassLength"/>
<rule ref="rulesets/codesize.xml/ExcessiveParameterList"/>
<rule ref="rulesets/codesize.xml/ExcessivePublicCount"/>
<rule ref="rulesets/codesize.xml/TooManyFields"/>
<rule ref="rulesets/codesize.xml/TooManyMethods"/>
<rule ref="rulesets/codesize.xml/ExcessiveClassComplexity">
    <properties>
        <property name="maximum" value="60"/>
    </properties>
</rule>
</ruleset>
